wavelength,0,2,4,6,8,10,14,20
390,224983.435394639,214269.938471085,208584.520400733,195289.644889231,192206.466638735,184251.054726297,176975.335998363,157184.880771478
391,257395.191244527,245138.27737574,238633.801750874,223423.628526997,219896.278817738,210794.787558885,202470.908024674,179829.383331955
392,289090.561335275,275324.344128833,268018.914293519,250935.776516015,246974.072715159,236751.833502809,227402.960295826,201973.382333407
393,317720.470484415,302590.924270871,294562.005603841,275787.049593694,271433.000849543,260198.408350394,249923.675131495,221975.694273448
394,359622.154325211,342497.289833534,333409.499476378,312158.460418568,307230.19002094,294513.954421295,282884.166483289,251250.343614129
395,405735.589755887,386414.847386559,376161.75275434,352185.746934496,346625.536941289,332278.730749168,319157.684642827,283467.537015144
396,451863.178574493,430345.88435666,418927.127787815,392225.318844228,386032.975297081,370055.098048836,355442.336069043,315694.618693448
397,506583.963550158,482460.917666817,469659.345784575,439723.938674674,432781.700212859,414868.896582635,398486.52414527,353925.344644602
398,561998.054860943,535236.242724708,521034.335410936,487824.360801131,480122.726338448,460250.481021517,442076.077356457,392640.449694301
399,634141.812822035,603944.583640034,587919.575774634,550446.432726041,541756.138520188,519332.890679515,498825.436627967,443043.751491295
400,687467.048984178,654730.522842074,637357.965719324,596733.691232305,587312.626745301,563003.799114037,540771.865130285,480299.476000767
401,764508.731020728,728103.553353074,708784.123250753,663607.248835318,653130.40333928,626097.382640412,601374.004751727,534124.716886202
402,846561.77628201,806249.310744771,784856.36858394,734830.759326427,723229.456982743,693295.04146528,665918.157654951,591451.151224392
403,916829.388108686,873170.845817796,850002.214040798,795824.302858978,783260.051522546,750840.973988949,721191.712310277,640543.681826473
404,1002628.21203459,954884.011461519,929547.210356376,870299.216209882,856559.175787544,821106.252741116,788682.350747359,700487.107819018
405,1094870.06297718,1042733.3933116,1015065.60510391,950366.79222011,935362.66731923,896648.073392335,861241.170622431,764931.96046836
406,1199764.43731343,1142632.79744136,1112314.28799154,1041416.98477795,1024975.38492258,982551.727020918,943752.654678733,838216.510038518
407,1281887.66359911,1220845.39390392,1188451.59889406,1112701.41365315,1095134.39518775,1049806.8608672,1008352.01302564,895591.976412925
408,1386120.79504157,1320115.04289673,1285087.23650736,1203177.63555538,1184182.20382354,1135168.98707,1090343.3535296,968414.54803684
409,1492243.3223226,1421184.11649771,1383474.55296824,1295293.88683008,1274844.14950714,1222078.44130361,1173820.92106523,1042557.14777347
410,1608287.40540079,1531702.2908579,1491060.24865179,1396022.22594574,1373982.21779945,1317113.19203714,1265102.93281584,1123631.45144781
411,1721864.04054332,1639870.51480317,1596358.34728016,1494608.77613239,1471012.31112686,1410127.21673886,1354444.01310762,1202981.87038861
412,1827743.51320059,1740708.10781009,1694520.32523094,1586514.05164758,1561466.61187718,1496837.62044812,1437730.39024015,1276954.65979236
413,1943299.59378725,1850761.51789262,1801653.58864776,1686818.79587453,1660187.77287831,1591472.71965346,1528628.53193047,1357688.02008429
414,2074055.07047054,1975290.54330528,1922878.37280093,1800316.88769632,1771893.98859537,1698555.42308839,1631482.74597099,1449040.45221615
415,2203884.83328679,2098937.93646361,2043244.91784576,1913011.44332867,1882809.35412744,1804880.00957094,1733608.77963516,1539746.13351693
416,2324442.60526583,2213754.86215793,2155015.30220637,2017657.74512029,1985803.52939765,1903611.26329025,1828441.32659925,1623973.9300272
417,2458513.68337789,2341441.60321704,2279314.01548079,2134033.83826908,2100342.30936233,2013409.29134111,1933903.64232452,1717642.81009823
418,2593387.95179652,2469893.28742525,2404357.37497591,2251107.11496594,2215567.26593638,2123865.09520053,2039997.75956053,1811872.8398039
419,2753648.33477833,2622522.22359841,2552936.46954287,2390215.99303705,2352479.93197811,2255110.95578332,2166060.97428425,1923838.90142618
420,2891907.06808575,2754197.20770072,2681117.60220073,2510227.04577558,2470596.28380798,2368338.48025564,2274817.36223285,2020433.4905897
421,3046799.71294301,2901714.01232668,2824720.21003042,2644676.63117314,2602923.21678472,2495188.41093714,2396658.23384727,2128649.37711291
422,3188523.14181605,3036688.70649148,2956113.49855932,2767695.10161543,2723999.50604944,2611253.36124551,2508140.00315909,2227664.57896925
423,3337307.94780479,3178388.52171884,3094053.4644312,2896842.97365981,2851108.42763943,2733101.2536585,2625176.35734721,2331613.21833874
424,3491155.38090972,3324909.88658068,3236687.04540034,3030385.29656674,2982542.42173179,2859095.20413221,2746195.04976104,2439098.86672516
425,3634850.1319926,3461762.03046915,3369907.96758136,3155114.90993673,3105302.83887863,2976774.57639005,2859227.4906138,2539491.33462766
426,3798229.06754433,3617361.01670889,3521378.30519027,3296930.74740188,3244879.72759718,3110574.38766355,2987743.80544206,2653636.17582551
427,3951594.46444469,3763423.29947114,3663564.98530038,3430054.65426387,3375901.91148001,3236173.57272285,3108383.32096619,2760785.04918132
428,4110649.91993399,3914904.68565142,3811026.97885631,3568117.63372596,3511785.19126719,3366432.65327458,3233498.72169877,2871909.28712036
429,4258834.72015096,4056033.06681044,3948410.67303681,3696744.69003165,3638381.51961159,3487789.16863977,3350063.10237083,2975438.73191435
430,4437434.12543996,4226127.73851425,4113992.06897699,3851772.16738853,3790961.46654931,3634053.84248238,3490552.06639027,3100217.36807023
431,4587589.32651603,4369132.69192003,4253202.54261559,3982109.56687299,3919241.1356531,3757024.02525328,3608666.39385499,3205123.43520783
432,4771059.00166198,4543865.71586855,4423299.2172053,4141364.52555182,4075981.82162096,3907277.22543505,3752986.38500238,3333304.68980737
433,4949029.99551168,4713361.90048731,4588298.00625955,4295846.53054267,4228024.90795766,4053027.25929855,3892981.03118274,3457644.28574241
434,5153126.12233184,4907739.16412556,4777517.68216039,4473005.61809977,4402387.05742855,4220172.5718688,4053526.09778555,3600236.22947318
435,5329252.576828,5075478.6445981,4940806.37928835,4625886.52994922,4552854.32823422,4364412.01309344,4192069.8017164,3723287.13631937
436,5521015.15938716,5258109.67560682,5118591.49597371,4792339.8805496,4716679.75992684,4521456.72188094,4342913.11789562,3857262.23818907
437,5698204.42195538,5426861.35424322,5282865.53369619,4946143.32880984,4868055.00239667,4666566.55388748,4482292.84255538,3981055.67685676
438,5904101.64685759,5622953.94938818,5473755.02666147,5124865.8017079,5043955.85491836,4835186.88269927,4644254.67985368,4124905.95939273
439,6089070.00522097,5799114.29068664,5645241.14629895,5285421.64421768,5201976.88672736,4986667.43529935,4789753.55763998,4254134.27037858
440,6323754.32506228,6022623.16672598,5862819.45918144,5489131.83026977,5402470.95338204,5178863.06686945,4974359.7544678,4418096.68284902
441,6525975.48126434,6215214.74406127,6050300.83000903,5664663.40980369,5575231.28947087,5344472.86499901,5133429.94113315,4559378.67666041
442,6735126.38920586,6414406.08495796,6244206.84690239,5846210.13775952,5753911.80850201,5515757.81012215,5297951.17418476,4705502.14779671
443,6959840.62761373,6628419.64534641,6452541.79193203,6041266.11485068,5945888.29642446,5699788.40493479,5474714.75580618,4862498.95384972
444,7167801.59772504,6826477.71211909,6645344.60488869,6221779.95549242,6123552.23507731,5870098.84586882,5638299.96595927,5007791.07384394
445,7393806.18411948,7041720.17535189,6854875.84517205,6417955.97770885,6316631.0851661,6055186.17615655,5816078.55461034,5165689.38268567
446,7663962.82856885,7299012.21768461,7105340.92504204,6652456.77580734,6547429.65030272,6276432.00518303,6028587.81263527,5354434.56684961
447,7915239.17584747,7538323.02461664,7338301.88189304,6870569.13835985,6762098.51592652,6482215.74180634,6226245.54645942,5529989.0143066
448,8169899.22123208,7780856.40117341,7574399.90101434,7091618.61137284,6979658.12173296,6690770.57108281,6426564.94783334,5707907.48550794
449,8434900.30309728,8033238.38390217,7820085.20433265,7321644.28896079,7206052.21830904,6907794.23218757,6635018.76320316,5893050.73120614
450,8731583.48063807,8315793.79108388,8095143.31334304,7579170.59210804,7459512.76826572,7150764.06810262,6868394.18899059,6100328.70172362
451,9030903.2163726,8600860.20606914,8372645.80331591,7838985.4749122,7715225.76642427,7395893.12354951,7103843.57089572,6309448.70600952
452,9332468.05369412,8888064.81304201,8652229.75069451,8100749.1460389,7972856.78598081,7642860.81362585,7341058.98329554,6520137.2525512
453,9646373.65477282,9187022.52835506,8943254.95055981,8373224.82077411,8241030.69103126,7899935.01991927,7587981.82508265,6739447.68486151
454,9938901.17890566,9465620.17038634,9214460.30938205,8627143.94245533,8490941.00869321,8139501.56740045,7818088.35173147,6943822.30436424
455,10263047.7848698,9774331.22368549,9514980.05309541,8908508.9925522,8767863.94613531,8404962.68426033,8073066.92116527,7170287.62400688
456,10577146.6531027,10073473.002955,9806184.43298171,9181152.42663316,9036202.9619939,8662195.16743735,8320141.78978716,7389733.08258943
457,10906300.3539404,10386952.7180384,10111346.3072633,9466863.72461297,9317403.52997391,8931756.86401301,8579059.01495384,7619696.6135974
458,11273665.4862428,10736824.2726122,10451934.403444,9785743.22836922,9631248.6533816,9232611.96020111,8868033.92374772,7876356.59578348
459,11594142.7322232,11042040.6973554,10749052.2447416,10063923.2083878,9905036.8057403,9495068.04050807,9120126.11972531,8100258.31375238
460,11955200.0800808,11385904.8381721,11083792.3273078,10377327.4424554,10213493.1014846,9790757.35222449,9404139.23091142,8352511.35662688
461,12317489.0226549,11730941.926338,11419674.2343503,10691800.7227594,10523001.5656625,10087455.2831983,9689121.13292607,8605624.85426486
462,12692702.9349026,12088288.5094311,11767539.0173579,11017493.1078535,10843552.0105445,10394738.1680842,9984270.00944144,8867768.39366367
463,13012388.2278267,12392750.6931683,12063922.6306083,11294985.6584581,11116663.5864324,10656545.6753722,10235739.2432974,9091116.81291295
464,13415204.8729407,12776385.5932768,12437378.19894,11644637.7092493,11460795.4285159,10986433.9251154,10552600.842418,9372545.02661208
465,13840640.5312685,13181562.4107319,12831804.0934421,12013923.4679645,11824251.0070382,11334846.1032279,10887254.8957094,9669776.03436558
466,14210128.3980416,13533455.6171824,13174360.1991819,12334645.5431983,12139909.6119207,11637439.6210222,11177899.5791937,9927919.06691089
467,14579801.8218311,13885525.544601,13517088.3367925,12655528.6852403,12455726.7407337,11940185.1014529,11468690.224603,10186191.7390337
468,14966376.0415735,14253691.4681653,13875485.3809252,12991082.0203754,12785982.4537376,12256771.5541071,11772775.2889422,10456272.1675459
469,15326945.8379255,14597091.2742147,14209773.4493385,13304063.0510182,13094022.2274743,12552061.583632,12056404.8848203,10708184.5821198
470,15751495.0839075,15001423.8894357,14603377.5415879,13672579.3879671,13456720.5316459,12899747.830925,12390361.6729,11004796.2970856
471,16151009.8866369,15381914.1777494,14973771.9369536,14019365.3805276,13798031.5640239,13226932.0240747,12704625.9934057,11283917.6756142
472,16531158.4797146,15743960.4568711,15326211.7147046,14349341.1568201,14122797.7751229,13538256.1849154,13003656.5636841,11549508.8342413
473,16929215.6578529,16123062.5312885,15695254.7309089,14694861.9051716,14462863.5386132,13864246.6507677,13316774.2948807,11827611.8420301
474,17339481.958286,16513792.3412247,16075616.953409,15050980.3899883,14813359.7244718,14200235.8245522,13639495.9043209,12114244.7641606
475,17741981.6056808,16897125.3387436,16448778.6298055,15400357.2810909,15157220.7510109,14529864.4677871,13956108.1482933,12395451.5071163
476,18096102.4721481,17234383.3068077,16777087.8271756,15707740.5252794,15459751.114579,14819873.1212364,14234664.9194492,12642858.3709893
477,18542827.7722527,17659835.973574,17191251.573541,16095506.0737405,15841394.7290994,15185720.5338373,14586065.7234519,12954963.4062395
478,18910739.249213,18010227.8563933,17532346.1916273,16414859.8144291,16155706.6023195,15487023.0610964,14875470.3951269,13212005.0926153
479,19300954.9246109,18381861.8329628,17894119.2677782,16753573.9981866,16489073.2613525,15806591.697946,15182419.8829603,13484629.6274171
480,19643589.0351147,18708180.0334425,18211778.9723115,17050986.5328021,16781790.3301194,16087193.2281644,15451941.0000351,13724011.2588394
481,20034774.6837159,19080737.7940152,18574451.3208692,17390542.6706444,17115985.6507018,16407556.228321,15759653.4833009,13997313.4662977
482,20354359.6370744,19385104.4162613,18870741.9082479,17667948.1247119,17389011.5051083,16669281.5621335,16011043.7885535,14220591.7832187
483,20758311.360255,19769820.3431,19245249.8194499,18018585.4435615,17734113.0601138,17000099.3884503,16328798.2570618,14502813.0202364
484,21119406.0550924,20113720.0524689,19580024.5267957,18332022.0954754,18042601.2619005,17295819.2856203,16612840.745941,14755092.1556122
485,21452966.5463791,20431396.7108373,19889271.9830702,18621558.5663636,18327566.6120297,17568989.9402812,16875224.4183998,14988134.494756
486,21759432.2948246,20723268.8522139,20173399.6169407,18887576.3159798,18589384.5478754,17819971.2504808,17116294.9608066,15202247.0672903
487,22068840.4851237,21017943.3191654,20460255.2197472,19156148.1577394,18853716.2525725,18073362.2848188,17359680.0719939,15418415.3794888
488,22334181.85108,21270649.381981,20706256.0040422,19386469.2080031,19080401.0585632,18290664.6228963,17568401.5599204,15603796.3649752
489,22587682.8472777,21512078.9021693,20941279.4564144,19606512.6055967,19296970.4725874,18498270.2443576,17767809.2358647,15780905.0654131
490,22811928.5772509,21725646.2640485,21149180.0423234,19801161.9089891,19488546.7072616,18681917.1523753,17944204.2817426,15937574.5476242
491,23119322.9655925,22018402.8243738,21434168.6280549,20067985.7346404,19751157.9930395,18933658.9758102,18186005.306184,16152335.9152624
492,23328870.2127919,22217971.6312304,21628442.0952624,20249876.4921591,19930177.110191,19105268.5045017,18350838.305625,16298736.2891799
493,23517360.7008227,22397486.3817359,21803193.6185336,20413489.6062,20091207.146184,19259633.5188177,18499107.7432982,16430425.3392458
494,23705559.1808442,22576723.0293755,21977674.4180937,20576849.2520674,20251987.715688,19413759.3920449,18647147.4831029,16561910.3776517
495,23904184.3353486,22765889.8431892,22161821.8977477,20749259.437827,20421675.9376937,19576424.2306736,18803389.0010373,16700680.0216223
496,24047513.2327238,22902393.554975,22294703.6330902,20873671.4836368,20544123.8009481,19693803.9856223,18916133.6558904,16800816.8855007
497,24235451.9576696,23081382.8168282,22468943.6109748,21036805.6574537,20704682.4580913,19847717.1314254,19063969.0684666,16932120.4457879
498,24329665.316693,23171109.8254219,22556289.8116974,21118584.537731,20785170.2362973,19924873.5262459,19138078.7060916,16997942.6943423
499,24464226.173414,23299263.022299,22681042.6038957,21235385.7674701,20900127.4409148,20035072.6603831,19243926.2889976,17091953.7586818
500,24540626.250832,23372025.0007924,22751873.9230054,21301702.4007917,20965397.0857919,20097640.7993252,19304023.7328278,17145330.7419198
501,24708286.1342322,23531701.0802212,22907313.1726022,21447234.1775376,21108631.2475821,20234946.5093993,19435907.505276,17262466.4712067
502,24751868.5510039,23573208.1438132,22947718.8917356,21485064.4946,21145864.3101876,20270638.4982056,19470190.0862947,17292915.3661307
503,24876232.5976728,23691650.0930217,23063018.1135829,21593014.710883,21252110.238672,20372486.9153061,19568016.7058711,17379802.4198981
504,24885122.1151774,23700116.300169,23071259.6791988,21600730.971032,21259704.6766656,20379767.0200541,19575009.3333261,17386013.0893487
505,24981039.4022235,23791466.0973557,23160185.609597,21683988.8913012,21341648.1441941,20458318.85332,19650459.3062241,17453025.7887584
506,24919298.0536882,23732664.8130364,23102944.5529364,21630396.2967651,21288901.6545396,20407755.5371013,19601892.6378253,17409890.139722
507,24932664.9538644,23745395.1941565,23115337.1473405,21641999.0051338,21300321.1825962,20418702.4117081,19612407.2414706,17419228.9366284
508,24917569.2385996,23731018.3224758,23101341.7501989,21628895.6543549,21287424.7038517,20406339.7172968,19600532.7260138,17408682.3014955
509,24934391.9131269,23747039.9172638,23116938.2295219,21643498.0366537,21301796.5478262,20420116.7116766,19613765.6934616,17420435.4782803
510,24820206.877858,23638292.2646267,23011076.0767073,21544383.3842785,21204246.6898397,20326604.4353379,19523946.0365289,17340660.0000406
511,24809574.389578,23628166.0853123,23001218.5844671,21535154.1943301,21195163.2077588,20317896.917931,19515582.3621874,17333231.6024802
512,24726716.1405522,23549253.4671926,22924399.8262152,21463231.7525734,21124376.257381,20250039.8343684,19450404.8239573,17275342.6118031
513,24651842.6835105,23477945.4128672,22854983.8529886,21398240.2530364,21060410.8254471,20188721.927089,19391508.2425531,17223032.2032729
514,24545965.0694777,23377109.5899787,22756823.5981881,21306336.5908404,20969958.1125453,20102013.0455074,19308223.3274424,17149060.7123987
515,24487209.8879191,23321152.2742086,22702351.048487,21255336.0426362,20919762.7467208,20053895.2622856,19262005.6226601,17108011.3516234
516,24341046.1968402,23181948.7588955,22566841.145946,21128463.3452022,20794893.0799213,19934193.9420674,19147031.0766715,17005893.956558
517,24217816.2124652,23064586.8690145,22452593.3252352,21021497.5152686,20689615.9965701,19833274.2696694,19050096.5274609,16919799.2164387
518,24105586.7636535,22957701.67967,22348544.2172902,20924080.3469064,20593736.8231942,19741363.5284247,18961815.1640906,16841390.0104473
519,23927343.0444745,22787945.7566424,22183292.5817012,20769361.6114531,20441460.7438293,19595390.1450978,18821605.9880864,16716859.8747141
520,23661748.2591715,22534998.3420681,21937056.8496519,20538820.588665,20214559.4381788,19377880.2682659,18612685.1567106,16531301.8375717
521,23537388.4605883,22416560.4386555,21821761.5662497,20430874.0597963,20108317.1388929,19276035.3301517,18514861.878742,16444417.7517332
522,23391401.1091499,22277524.8658571,21686415.1500528,20304154.4283234,19983598.1214919,19156478.4239642,18400026.0441527,16342423.5565173
523,23173240.842406,22069753.1832438,21484156.4614099,20114787.4158291,19797220.7823857,18977815.2295986,18228417.9146884,16190005.6886993
524,22938282.4897911,21845983.3236106,21266324.0898473,19910839.3644296,19596492.6057351,18785395.1778286,18043596.1595815,16025851.8229836
525,22732669.7833265,21650161.6984062,21075698.3769321,19732363.8586229,19420834.8212575,18617007.8564918,17881858.1287425,15882200.3195116
526,22463443.9398042,21393756.1331469,20826096.2524376,19498671.0123729,19190831.4522517,18396524.3104852,17670081.0526515,15694105.4402578
527,22196809.1268663,21139818.2160631,20578896.2997777,19267227.2270008,18963041.6365802,18178162.6989986,17460342.1199794,15507820.7868669
528,21944825.9000538,20899834.1905275,20345279.9874412,19048501.2803731,18747768.8739749,17971800.0606467,17262128.3441392,15331772.4773839
529,21635194.1455971,20604946.8053306,20058217.1159418,18779735.3809271,18483246.1753198,17718225.937577,17018567.374041,15115447.9718843
530,21370228.8855889,20352598.9386561,19812565.0234456,18549740.7973516,18256882.6818526,17501231.6129206,16810141.7366798,14930329.7531589
531,21124227.8370807,20118312.2257911,19584494.8518298,18336207.4884603,18046720.5770725,17299768.1026319,16616633.6317861,14758460.8979625
532,20866425.343116,19872786.0410628,19345483.435423,18112430.3138891,17826476.3338966,17088639.7529347,16413842.3333485,14578346.9522164
533,20536248.8680224,19558332.2552594,19039373.3363209,17825831.2295668,17544401.9956963,16818240.4514257,16154120.5786516,14347668.8590489
534,20255864.9295728,19291299.9329265,18779426.4241093,17582452.9574001,17304866.1115672,16588618.9404152,15933566.3781674,14151778.3666749
535,19918011.8197819,18969535.066459,18466199.2358587,17289190.4168933,17016233.5179636,16311932.8292251,15667806.0677763,13915736.9857279
536,19623295.7622602,18688853.1069144,18192964.8646049,17033371.609097,16764453.5058992,16070573.9738591,15435978.0080236,13709833.3453922
537,19268098.8176188,18350570.302494,17863658.0237885,16725054.3098119,16461003.8338349,15779684.0620265,15156574.777678,13461674.6785289
538,18954253.0944482,18051669.6137602,17572688.3373646,16452630.6101716,16192881.0833111,15522658.8929776,14909699.0367492,13242406.0799733
539,18611231.0609344,17724981.9627947,17254668.9853094,16154881.3514469,15899832.606541,15241739.6717096,14639872.7736314,13002753.4257889
540,18218174.1526864,17350642.0501775,16890261.7721593,15813700.9267709,15564038.6429108,14919844.1962266,14330688.3295338,12728143.8610847
541,17928158.5029431,17074436.6694696,16621385.1986271,15561962.1569751,15316274.254349,14682334.7579935,14102557.680857,12525524.1648978
542,17582697.422486,16745426.1166533,16301104.5803768,15262095.7618905,15021142.0659752,14399418.0697961,13830812.8269258,12284167.4683588
543,17240304.434653,16419337.5568124,15983668.4232195,14964892.5260649,14728630.9916474,14119014.0079217,13561481.380551,12044954.2975086
544,16976059.0843781,16167675.3184553,15738683.7666445,14735522.8370106,14502882.5270417,13902609.2561263,13353622.0349557,11860339.04437
545,16594613.4796853,15804393.7901764,15385041.5157194,14404421.2314442,14177008.2609461,13590222.9026061,13053571.2159378,11593841.7274041
546,16277844.1533226,15502708.7174501,15091361.3258818,14129459.7919557,13906387.8357006,13330803.4374136,12804395.7250015,11372530.5508322
547,16026903.000793,15263717.1436124,14858711.1316247,13911638.3844391,13692005.331596,13125294.2098267,12607001.6603814,11197210.28749
548,15667382.8547393,14921317.0045136,14525396.2050947,13599568.4690241,13384862.2886549,12830863.7954739,12324197.7351304,10946031.212047
549,15371166.6875043,14639206.3690517,14250771.0662738,13342447.539173,13131800.7120743,12588276.4194553,12091189.666636,10739079.5187024
550,15080167.7365867,14362064.5110349,13980982.8638322,13089855.2463753,12883196.2756928,12349961.7029218,11862285.5385455,10535772.83826
551,14821694.8967624,14115899.9016785,13741349.9626953,12865496.1996115,12662379.3467595,12138284.3708898,11658966.9360265,10355190.5547724
552,14518878.8563192,13827503.672685,13460606.0116809,12602646.4618022,12403679.4070372,11890292.0031769,11420767.3085334,10143627.8540373
553,14216261.7298215,13539296.8855443,13180046.4758873,12339969.3848544,12145149.402255,11642462.5368091,11182724.1497255,9932204.12471026
554,13915870.2076118,13253209.721535,12901550.3213474,12079224.172225,11888520.762058,11396455.7376823,10946431.6845452,9722335.31583337
555,13665638.2388171,13014893.5607782,12669557.6188251,11862018.3488713,11674744.1234459,11191527.2988585,10749595.4744603,9547510.52434948
556,13393523.0798716,12755736.2665444,12417276.7794697,11625817.5251696,11442272.3722345,10968677.5368092,10535545.6196336,9357397.02226014
557,13069443.3365355,12447088.8919386,12116819.0248053,11344510.5130294,11165406.556462,10703271.1773572,10280619.6453433,9130978.41625308
558,12808800.8940126,12198857.9942978,11875174.6620799,11118268.2123281,10942736.1058774,10489817.0408024,10075594.4008847,8948880.33787641
559,12515290.8631741,11919324.6315944,11603058.4109085,10863496.257258,10691986.4191214,10249445.865654,9844715.01976301,8743819.28917449
560,12237389.9907224,11654657.1340213,11345413.5754226,10622273.3307776,10454571.8526841,10021857.8711477,9626114.03613894,8549663.59310736
561,12014435.0628574,11442319.1074833,11138709.7057883,10428744.4666963,10264098.3681387,9839268.07050982,9450734.3545096,8393895.93095752
562,11733647.4721542,11174902.3544326,10878388.563307,10185015.8171557,10024217.6382957,9609315.98692477,9229862.63512411,8197723.42657125
563,11483779.1329316,10936932.5075539,10646732.9856035,9968125.63077262,9810751.65346603,9404685.34394555,9033312.46150039,8023152.68521696
564,11196948.8823869,10663760.8403684,10380809.629329,9719151.8444398,9565708.59558223,9169784.60070829,8807687.4954863,7822758.47106319
565,10946694.6051099,10425423.433438,10148796.244377,9501926.65692457,9351912.89852455,8964837.89226658,8610833.7372155,7647918.09373796
566,10695153.7043971,10185860.6708543,9915590.01724152,9283584.65726058,9137018.02123572,8758837.49858489,8412967.90170228,7472178.81578466
567,10446921.6350887,9949449.17627496,9685451.44266629,9068114.78242152,8924949.92446901,8555546.88518161,8217704.84247147,7298751.25588698
568,10167023.9442781,9682879.94693153,9425955.33577915,8825158.58190019,8685829.44843627,8326323.58855603,7997533.13165426,7103200.48086612
569,9948624.7158365,9474880.68174905,9223475.10322125,8635584.1463795,8499247.9610403,8147464.69558379,7825737.03134385,6950615.66224176
570,9700111.98009719,9238201.88580685,8993076.319832,8419870.64805971,8286940.08705218,7943944.22932116,7630253.19569973,6776992.01448806
571,9462210.03933123,9011628.60888689,8772514.916589,8213367.5095102,8083697.16225234,7749113.514648,7443115.97011747,6610781.60824634
572,9256571.12797635,8815782.02664415,8581864.90884311,8034869.25739018,7908016.9905738,7580704.73271504,7281357.32611983,6467111.79670401
573,9045738.63255977,8614989.17386644,8386399.87443193,7851862.88143723,7727899.86805957,7408042.64502425,7115513.33120404,6319813.48295625
574,8766283.42933393,8348841.36127041,8127314.00246049,7609290.76805167,7489157.41530241,7179181.7253179,6895689.68774055,6124571.85228699
575,8567936.73897574,8159939.75140546,7943424.68985902,7437122.2941502,7319707.08907566,7016744.93597888,6739667.21386939,5985996.7575442
576,8399794.89417744,7999804.66112137,7787538.60875697,7291172.16629264,7176061.1809842,6879044.52175341,6607404.3233754,5868524.30549031
577,8204419.82532697,7813733.16697807,7606404.31785705,7121583.11299594,7009149.55219172,6719041.35334336,6453719.3714372,5732025.33680351
578,7968605.64620348,7589148.23447951,7387778.5004946,6916892.18888371,6807690.23109487,6525920.41914344,6268224.4103955,5567273.54712294
579,7810136.28613181,7438225.03441125,7240859.88219374,6779337.95072419,6672307.66074497,6396141.32370119,6143570.04108632,5456558.78527789
580,7556969.98527944,7197114.2716947,7006146.72941299,6559585.07467509,6456024.18159247,6188809.8022877,5944425.64150766,5279683.920046
581,7361010.36853358,7010486.06527008,6824470.49798222,6389488.62335279,6288613.1654324,6028327.91611749,5790280.87545021,5142776.55644302
582,7163125.14360235,6822023.94628796,6641009.01485449,6217720.70969346,6119557.07551481,5866269.04567499,5634621.39718734,5004523.86493845
583,6966996.56684433,6635234.82556603,6459176.13881101,6047477.5980594,5952001.71447492,5705648.78904922,5480343.72465671,4867498.45727004
584,6855267.4324564,6528826.12614895,6355590.87765515,5950494.71156321,5856549.96664451,5614147.78223722,5392455.91609682,4789438.79640362
585,6622787.625413,6307416.78610762,6140056.39188314,5748698.08203897,5657939.24582283,5423757.54495074,5209583.82201499,4627016.56879476
586,6455510.71663328,6148105.44441265,5984972.20210388,5603498.73411161,5515032.26455818,5286765.47342354,5078001.30313252,4510148.4050731
587,6248417.09924203,5950873.42784955,5792973.52101948,5423737.77114017,5338109.3173537,5117165.35435481,4915098.3656045,4365462.26184181
588,6145769.46563484,5853113.77679508,5697807.81520354,5334637.78970951,5250416.02149013,5033101.67773743,4834354.20141657,4293747.39971554
589,5967067.12635972,5682921.07272354,5532130.9880771,5179520.96381209,5097748.13662163,4886752.7057087,4693784.26798376,4168896.84863709
590,5768963.65326049,5494251.09834333,5348467.16476655,5007563.60684041,4928505.59426968,4724515.10008476,4537953.112447,4030491.67785241
591,5596005.8369096,5329529.36848533,5188116.14554672,4857433.12956,4780745.33494195,4582870.62732653,4401901.90668355,3909654.54291435
592,5458801.44255775,5198858.51672166,5060912.50167598,4738337.26188772,4663529.71949266,4470506.55782039,4293974.87753014,3813796.56861642
593,5319105.16621768,5065814.44401684,4931398.60768175,4617078.39609191,4544185.25472878,4356101.7519206,4184087.69672665,3716197.63871203
594,5139013.44762754,4894298.52155003,4764433.67231049,4460755.56410532,4390330.40385768,4208614.94232725,4042424.85673975,3590376.3965176
595,5033752.91459981,4794050.39485697,4666845.51983072,4369387.53925595,4300404.87181005,4122411.42162187,3959625.34677906,3516836.02984624
596,4888725.70768856,4655929.24541768,4532389.26377089,4243501.33040108,4176506.1191841,4003640.829509,3845544.77623838,3415512.64047324
597,4750972.28577377,4524735.51026073,4404676.61064487,4123928.89698691,4058821.46187946,3890827.13175638,3737185.87379059,3319271.08757154
598,4595581.23548573,4376744.03379594,4260611.92587356,3989046.68676336,3926068.7342364,3763569.03001935,3614952.94900826,3210706.98964301
599,4503560.6618541,4289105.392242,4175298.67965929,3909171.18341574,3847454.28297789,3688208.42527791,3542568.18917626,3146416.73258725
600,4347710.80917033,4140676.9611146,4030808.63433863,3773890.72450877,3714309.59409014,3560574.5855441,3419974.36356583,3037532.09194968
601,4246675.51578399,4044452.87217522,3937137.74617936,3686190.28322033,3627993.74282076,3477831.34118764,3340498.49031597,2966943.69277804
602,4135146.5143528,3938234.77557409,3833738.03040255,3589381.11570921,3532712.9713487,3386494.23403474,3252768.10933382,2889023.85498299
603,4031019.01619842,3839065.72971278,3737200.32652688,3498996.58538989,3443755.40669477,3301218.61662183,3170859.86155453,2816275.0841514
604,3920676.24157588,3733977.37292941,3634900.37415947,3403217.0839598,3349488.04522386,3210852.97450259,3084062.58432582,2739184.00478987
605,3830986.69245723,3648558.75472117,3551748.2454036,3325364.95157088,3272865.02050971,3137401.37130322,3013511.44324748,2676522.32011991
606,3716911.40473428,3539915.62355646,3445987.84069856,3226345.56202793,3175408.92137261,3043978.97314182,2923778.11537618,2596823.51710247
607,3626394.05156226,3453708.62053549,3362068.24605724,3147774.88091859,3098078.69218411,2969849.43661073,2852575.81124566,2533583.48638138
608,3550427.92547919,3381359.9290278,3291639.2478159,3081834.92511539,3033179.77794605,2907636.68379306,2792819.72002736,2480509.68363633
609,3416137.03461741,3253463.84249277,3167136.74381841,2965268.03056934,2918453.20890315,2797658.63924051,2687184.49630481,2386687.23118876
610,3340934.09553322,3181841.99574593,3097415.30430849,2899990.53472785,2854206.29589436,2736070.90136783,2628028.739397,2334146.62973124
611,3279634.40768501,3123461.34065239,3040583.71593797,2846781.30956557,2801837.12308528,2685869.28487721,2579809.48790187,2291319.54733361
612,3198861.78993586,3046535.03803415,2965698.56848182,2776669.23305052,2732831.95640937,2619720.23711651,2516272.53843468,2234887.68483568
613,3090818.11352525,2943636.29859548,2865530.13436173,2682885.38997895,2640528.74640142,2531237.4503716,2431283.76625363,2159402.87252084
614,3016629.2045935,2872980.19485096,2796748.81292161,2618488.09044182,2577148.1334041,2470480.15641487,2372925.66063346,2107570.72414713
615,2920325.47157511,2781262.35388106,2707464.60437885,2534894.7281586,2494874.5197262,2391611.84172497,2297171.70355244,2040288.0339091
616,2848829.23484934,2713170.69985651,2641179.6877949,2472834.71624438,2433794.29390903,2333059.72208746,2240931.69417145,1990337.12340923
617,2787190.21420783,2654466.87067412,2584033.50040592,2419330.94414984,2381135.22439222,2282580.20769311,2192445.51842475,1947272.96584843
618,2698093.3886806,2569612.75112438,2501430.89195509,2341993.30643688,2305018.57165609,2209614.01777179,2122360.62259048,1885025.38805209
619,2656862.65394795,2530345.38471233,2463205.44209077,2306204.29143522,2269794.58360567,2175847.94806845,2089927.90984444,1856219.49791309
620,2556874.9433008,2435118.99361981,2370505.77895904,2219413.17069641,2184373.69678761,2093962.62564865,2011276.08084892,1786362.99337036
621,2469671.46083347,2352068.05793664,2289658.50886639,2143718.98861462,2109874.55326516,2022546.99635031,1942680.51698968,1725438.20141649
622,2449052.97811175,2332431.40772547,2270542.89565533,2125821.7769296,2092259.89774867,2005661.41016629,1926461.7100315,1711033.07980113
623,2371105.77486845,2258195.97606519,2198277.21984429,2058162.21072735,2025668.52183921,1941826.24654479,1865147.27388237,1656575.19570501
624,2303165.74489542,2193491.18561468,2135289.30011998,1999189.04986365,1967626.4127322,1886186.49618402,1811704.62993339,1609108.83227168
625,2265170.84664052,2157305.56822906,2100063.82844794,1966208.79878522,1935166.84462638,1855070.42728141,1781817.27456836,1582563.66221662
626,2173275.57892027,2069786.26563836,2014866.75466826,1886442.0632093,1856659.44394443,1779812.44230083,1709531.08224081,1518360.95024926
627,2126369.42135531,2025113.73462411,1971379.56032274,1845726.67970601,1816586.86351936,1741398.46311457,1672633.99699144,1485589.92081163
628,2058783.83380247,1960746.5083833,1908720.24791165,1787061.18120087,1758847.55948371,1686048.98474491,1619470.16275258,1438371.18889597
629,2003285.83664736,1907891.27299749,1857267.46829038,1738887.92730121,1711434.85143257,1640598.68529025,1575814.60794903,1399597.46295219
630,1967781.95697109,1874078.05425818,1824351.44626568,1708069.92489136,1681103.39501857,1611522.64568869,1547886.7250632,1374792.64528172
631,1892957.27930708,1802816.45648293,1754980.69691557,1643120.76672634,1617179.63598291,1550244.68646931,1489028.51424723,1322516.31650778
632,1853433.82534671,1765175.07175877,1718338.08509643,1608813.7019632,1583414.20155545,1517876.80095875,1457938.77409732,1294903.2196256
633,1814219.20400689,1727827.8133399,1681981.79526329,1574774.709437,1549912.60711549,1485761.83511747,1427091.96630684,1267505.88893329
634,1787544.42440958,1702423.26134246,1657251.32522073,1551620.52377031,1527123.97325108,1463916.42117944,1406109.18562507,1248869.53002423
635,1727249.5006175,1644999.52439762,1601351.26422419,1499283.45177509,1475613.18429899,1414537.66009934,1358680.2965676,1206744.42694382
636,1666828.52017926,1587455.73350406,1545334.33477894,1446836.96035698,1423994.70340723,1365055.66444124,1311152.24946649,1164531.25427348
637,1616467.88598976,1539493.22475215,1498644.45865065,1403123.02937352,1380970.91573028,1323812.62826027,1271537.82122583,1129346.75161546
638,1588391.41027328,1512753.72406979,1472614.46132399,1378752.14641143,1356984.7934468,1300819.28986322,1249452.44540757,1109731.09644406
639,1541987.16484843,1468559.20461755,1429592.59502738,1338472.43162053,1317341.00351843,1262816.35356567,1212950.17175614,1077310.7283774
640,1491707.18357854,1420673.50817004,1382977.49307313,1294828.50881345,1274386.11874838,1221639.3684052,1173399.1863086,1042182.57395467
641,1472102.56406014,1402002.44196203,1364801.84315156,1277811.34851798,1257637.62061642,1205584.08941349,1157977.89931339,1028485.78878395
642,1409719.66723697,1342590.1592733,1306966.00029386,1223661.87859639,1204343.04736911,1154495.37474262,1108906.57943393,984901.921455547
643,1370270.37261986,1305019.40249511,1270392.14238551,1189419.18546926,1170640.9682963,1122188.2223131,1077875.17413285,957340.636065661
644,1359056.0768993,1294339.12085648,1259995.25031921,1179684.97625911,1161060.44005647,1113004.23145217,1069053.84135495,949505.758210409
645,1302931.27461044,1240886.92820042,1207961.35303484,1130967.64429534,1113112.24369341,1067040.60750853,1024905.23225628,910294.114292611
646,1273106.55587596,1212482.43416758,1180310.54113215,1105079.25513298,1087632.5731728,1042615.53872911,1001444.66232661,889457.047554341
647,1254252.34521221,1194526.04305925,1162830.60318945,1088713.46314154,1071525.1597244,1027174.80997175,986613.658162473,876284.536209125
648,1208048.28731692,1150522.17839707,1119994.33286692,1048607.51470589,1032052.39277671,989335.818025927,950268.855016573,844004.029341185
649,1166863.70463133,1111298.76631556,1081811.67105314,1012858.56050634,996867.833059669,955607.544720069,917872.446161189,815230.383371643
650,1143495.7931104,1089043.6124861,1060147.03334854,992574.795460614,976904.302418905,936470.303185239,899490.897378527,798904.370837194
651,1111354.47397639,1058432.83235847,1030348.47673545,964675.555727958,949445.528073944,910148.045547261,874208.05491862,776448.80913304
652,1056722.24384753,1006402.13699765,979698.358872941,917253.803088001,902772.456790968,865406.769347811,831233.525409655,738279.952105756
653,1050818.12216893,1000779.16397041,974224.585274641,912128.919898384,897728.483822655,860571.56606004,826589.254972534,734155.032151169
654,1030510.36864886,981438.446332251,955397.052389965,894501.426716604,880379.288569164,843940.452757715,810614.872252837,719967.00177378
655,997219.46524486,949732.824042724,924532.70405227,865604.32728168,851938.408451607,816676.738634853,784427.749608549,696708.281978901
656,957649.297415406,912046.949919434,887846.783311459,831256.714044882,818133.06571844,784270.59662051,753301.26363039,669062.548409805
657,944826.123280381,899834.403124172,875958.283065751,820125.969602344,807178.050353584,773769.00855838,743214.363023103,660103.626194086
658,929052.080624938,884811.505357084,861334.001432328,806433.818519108,793702.067119115,760850.795306525,730806.265093126,649083.077015739
659,885619.153513935,843446.812870414,821066.875743019,768733.261155275,756596.715602278,725281.231636135,696641.274877827,618738.623178397
660,869267.462909367,827873.774199397,805907.050591837,754539.701323178,742627.239719928,711889.951361811,683778.790429545,607314.499737564
661,845791.52813661,805515.741082485,784142.263388969,734162.170163283,722571.423318163,692664.243767032,665312.268940988,590913.016660456
662,828932.224526116,789459.261453443,768511.824855942,719527.993165328,708168.286610438,678857.251857892,652050.488508433,579134.24893359
663,808763.894690652,770251.328276812,749813.553142582,702021.522234844,690938.202942814,662340.320121412,636185.778544803,565043.627039643
664,790854.384353105,753194.651764862,733209.456855153,686475.747018883,675637.860074586,647673.257350606,622097.88978982,552531.131432377
665,780860.838405413,743676.988957536,723944.334803186,677801.170440009,667100.235282661,639489.004238424,614236.817045484,545549.131510841
666,760100.148699645,723904.903523471,704696.879994479,659780.520550015,649364.090369017,622486.957094716,597906.147946262,531044.65685736
667,752877.596184091,717026.282080086,698000.775235107,653511.215818836,643193.763666109,616572.019772896,592224.780089273,525998.614005219
668,714358.368468034,680341.30330289,662289.192178927,620075.837392504,610286.253635562,585026.549229802,561924.979326212,499087.120697557
669,697822.443391973,664592.80323045,646958.56130238,605722.358744822,596159.383691125,571484.389422369,548917.573286535,487534.281676464
670,701971.099005493,668543.903814755,650804.823761374,609323.466000168,599703.637673099,574881.946985425,552180.967855368,490432.743675807
671,691074.388111123,658166.083915355,640702.367943412,599864.926097932,590394.426551325,565958.043446422,543609.452052768,482819.746746818
672,662181.754656665,630649.290149205,613915.702153368,574785.60362542,565711.049402122,542296.309512694,520882.074348223,462633.882233074
673,648146.28295741,617282.174245153,600903.268025264,562602.563219835,553720.351428336,530801.905670773,509841.562341132,452827.987226852
674,620042.279588577,590516.456751025,574847.749521218,538207.785763271,529710.711889979,507786.023396346,487734.53285972,433193.09983622
675,634682.170889839,604459.210371275,588420.547449369,550915.473191128,542217.7739057,519775.419009425,499250.490367773,443421.273144445
676,610224.33828059,581166.036457705,565745.432386374,529685.637151678,521323.108575252,499745.582383148,480011.593351995,426333.786255154
677,603022.774475101,574307.404262001,559068.786481894,523434.550996138,515170.712818211,493847.833846627,474346.735528331,421302.407184298
678,570044.0403368,542899.086035047,528493.85356919,494808.420065795,486996.523230331,466839.771951485,448405.169898448,398261.784729447
679,569072.744092018,541974.041992398,527593.354556765,493965.317557413,486166.73138836,466044.325134528,447641.133741863,397583.187728908
680,563925.255035389,537071.671462276,522821.063057786,489497.205013141,481769.16015428,461828.769059423,443592.041844289,393986.889840491
681,551823.56454179,525546.251944562,511601.457920111,478992.721272332,471430.518262488,451918.042816374,434072.67106263,385532.03282387
682,538985.561684085,513319.582556272,499699.209808909,467849.105233354,460462.834514353,441404.310714443,423974.105960249,376562.75050763
683,511652.357407183,487287.959435412,474358.307288186,444123.395171375,437111.699321831,419019.677338058,402473.398575584,357466.382600227
684,509223.523516389,484974.784301323,472106.509722042,442015.123923778,435036.71287057,417030.574427665,400562.841502111,355769.475604081
685,514047.412715241,489568.964490706,476578.78837333,446202.346005157,439157.828261763,420981.117147454,404357.384910555,359139.690158972
686,516913.346663364,492298.42539368,479235.82602155,448690.027918375,441606.235349256,423328.184840643,406611.771428071,361141.977505791
687,491220.416130894,467828.967743709,455415.638622401,426388.104796575,419656.408747229,402286.859992379,386401.327909015,343191.588334552
688,485865.299956966,462728.857101872,450450.853828935,421739.768201871,415081.458789579,397901.266886391,382188.913414905,339450.231572709
689,472371.189534372,449877.323366068,437940.3214611,410026.639064599,403553.253256535,386850.212956155,371574.244286715,330022.559112414
690,449500.210356108,428095.438434389,416736.394982578,390174.220178038,384014.258802515,368119.936085653,353583.589918828,314043.728808946
691,449802.37710724,428383.216292609,417016.53697061,390436.506321114,384272.404045381,368367.396715372,353821.278805635,314254.837883115
692,435833.476839307,415079.501751721,404065.82191996,378311.251108291,372338.578967909,356927.511804652,342833.13288232,304495.453067641
693,430545.017716203,410042.874015431,399162.835582691,373720.774025609,367820.5750525,352596.507748289,338673.151821566,300800.666314688
694,424765.544185615,404538.61351011,393804.624599595,368704.08765732,362883.090724386,347863.385543511,334126.931482388,296762.831901529
695,408721.18442915,389258.270884905,378929.729125318,354777.29649681,349176.171844507,334723.795056099,321506.198076845,285553.425435889
696,412121.342091854,392496.516277956,382082.051224578,357728.694146829,352080.973654545,337508.367326897,324180.812960153,287928.948664427
697,411785.750944574,392176.905661499,381770.921125673,357437.395030227,351794.273486859,337233.533658655,323916.831943312,287694.487605635
698,410046.472446258,390520.449948817,380158.41765057,355927.670193358,350308.383763131,335809.144804358,322548.689457203,286479.339108562
699,380044.179914074,361946.838013404,352342.975203569,329885.143799379,324677.009486364,311238.6512764,298948.437321792,265518.210275809
700,397014.76211057,378109.297248162,368076.581289583,344615.912599774,339175.21303219,325136.775214009,312297.751154806,277374.722887503
